aids_diag_apids,cityfip,year
0,0080,1981
0,0160,1981
0,0200,1981
0,0240,1981
0,0440,1981
9,0520,1981
0,0640,1981
2,0680,1981
2,0720,1981
0,0760,1981
6,0875,1981
0,1000,1981
7,1123,1981
6,1280,1981
0,1440,1981
0,1520,1981
5,1600,1981
0,1640,1981
1,1680,1981
0,1720,1981
0,1760,1981
0,1840,1981
1,1920,1981
0,2000,1981
0,2020,1981
0,2080,1981
3,2160,1981
1,2320,1981
2,2680,1981
0,2760,1981
0,2800,1981
0,2840,1981
1,2960,1981
0,3000,1981
0,3120,1981
0,3160,1981
0,3240,1981
2,3283,1981
1,3320,1981
11,3360,1981
0,3480,1981
1,3600,1981
5,3640,1981
2,3760,1981
0,3840,1981
0,4120,1981
0,4400,1981
27,4480,1981
0,4520,1981
0,4880,1981
0,4920,1981
10,5000,1981
2,5015,1981
0,5080,1981
0,5120,1981
0,5160,1981
0,5190,1981
0,5360,1981
0,5380,1981
6,5483,1981
2,5560,1981
181,5600,1981
13,5640,1981
0,5720,1981
4,5775,1981
1,5880,1981
0,5920,1981
6,5945,1981
1,5960,1981
6,6160,1981
1,6200,1981
1,6280,1981
2,6440,1981
0,6483,1981
1,6640,1981
0,6760,1981
3,6780,1981
0,6840,1981
0,6920,1981
1,7040,1981
0,7160,1981
1,7240,1981
2,7320,1981
32,7360,1981
0,7400,1981
1,7440,1981
0,7510,1981
0,7560,1981
0,7600,1981
0,8003,1981
0,8120,1981
3,8160,1981
0,8200,1981
5,8280,1981
0,8400,1981
0,8520,1981
0,8560,1981
0,8720,1981
0,8735,1981
6,8840,1981
1,8960,1981
0,9040,1981
1,9160,1981
0,9320,1981
1,0080,1982
0,0160,1982
0,0200,1982
1,0240,1982
0,0440,1982
13,0520,1982
0,0640,1982
1,0680,1982
3,0720,1982
0,0760,1982
5,0875,1982
1,1000,1982
15,1123,1982
3,1280,1982
2,1440,1982
0,1520,1982
18,1600,1982
0,1640,1982
3,1680,1982
1,1720,1982
3,1760,1982
1,1840,1982
5,1920,1982
1,2000,1982
0,2020,1982
5,2080,1982
1,2160,1982
0,2320,1982
7,2680,1982
0,2760,1982
1,2800,1982
0,2840,1982
1,2960,1982
0,3000,1982
0,3120,1982
1,3160,1982
2,3240,1982
1,3283,1982
3,3320,1982
20,3360,1982
5,3480,1982
0,3600,1982
24,3640,1982
0,3760,1982
0,3840,1982
1,4120,1982
0,4400,1982
88,4480,1982
2,4520,1982
0,4880,1982
0,4920,1982
50,5000,1982
1,5015,1982
0,5080,1982
4,5120,1982
0,5160,1982
2,5190,1982
2,5360,1982
11,5380,1982
11,5483,1982
7,5560,1982
473,5600,1982
36,5640,1982
3,5720,1982
15,5775,1982
1,5880,1982
0,5920,1982
9,5945,1982
1,5960,1982
17,6160,1982
4,6200,1982
2,6280,1982
2,6440,1982
1,6483,1982
2,6640,1982
0,6760,1982
1,6780,1982
3,6840,1982
4,6920,1982
4,7040,1982
0,7160,1982
5,7240,1982
4,7320,1982
109,7360,1982
0,7400,1982
10,7440,1982
2,7510,1982
1,7560,1982
1,7600,1982
1,8003,1982
0,8120,1982
3,8160,1982
0,8200,1982
5,8280,1982
0,8400,1982
1,8520,1982
2,8560,1982
0,8720,1982
1,8735,1982
22,8840,1982
11,8960,1982
2,9040,1982
0,9160,1982
1,9320,1982
0,0080,1983
6,0160,1983
1,0200,1983
1,0240,1983
0,0440,1983
35,0520,1983
5,0640,1983
0,0680,1983
24,0720,1983
3,0760,1983
30,0875,1983
0,1000,1983
56,1123,1983
4,1280,1983
5,1440,1983
2,1520,1983
57,1600,1983
9,1640,1983
8,1680,1983
0,1720,1983
3,1760,1983
5,1840,1983
27,1920,1983
2,2000,1983
0,2020,1983
23,2080,1983
12,2160,1983
2,2320,1983
42,2680,1983
0,2760,1983
2,2800,1983
3,2840,1983
2,2960,1983
1,3000,1983
3,3120,1983
2,3160,1983
3,3240,1983
6,3283,1983
6,3320,1983
81,3360,1983
4,3480,1983
9,3600,1983
33,3640,1983
9,3760,1983
0,3840,1983
4,4120,1983
1,4400,1983
279,4480,1983
2,4520,1983
0,4880,1983
2,4920,1983
126,5000,1983
16,5015,1983
2,5080,1983
5,5120,1983
2,5160,1983
6,5190,1983
1,5360,1983
38,5380,1983
18,5483,1983
20,5560,1983
1032,5600,1983
81,5640,1983
6,5720,1983
33,5775,1983
5,5880,1983
1,5920,1983
22,5945,1983
6,5960,1983
45,6160,1983
7,6200,1983
6,6280,1983
6,6440,1983
4,6483,1983
5,6640,1983
3,6760,1983
11,6780,1983
4,6840,1983
6,6920,1983
4,7040,1983
4,7160,1983
16,7240,1983
24,7320,1983
305,7360,1983
8,7400,1983
28,7440,1983
1,7510,1983
0,7560,1983
13,7600,1983
3,8003,1983
1,8120,1983
6,8160,1983
5,8200,1983
5,8280,1983
0,8400,1983
3,8520,1983
1,8560,1983
2,8720,1983
1,8735,1983
68,8840,1983
19,8960,1983
1,9040,1983
1,9160,1983
0,9320,1983
3,0080,1984
19,0160,1984
3,0200,1984
3,0240,1984
0,0440,1984
83,0520,1984
20,0640,1984
4,0680,1984
37,0720,1984
7,0760,1984
62,0875,1984
3,1000,1984
97,1123,1984
12,1280,1984
6,1440,1984
9,1520,1984
142,1600,1984
13,1640,1984
14,1680,1984
0,1720,1984
4,1760,1984
10,1840,1984
79,1920,1984
11,2000,1984
5,2020,1984
36,2080,1984
34,2160,1984
1,2320,1984
61,2680,1984
1,2760,1984
10,2800,1984
4,2840,1984
4,2960,1984
3,3000,1984
3,3120,1984
6,3160,1984
3,3240,1984
12,3283,1984
21,3320,1984
210,3360,1984
15,3480,1984
12,3600,1984
62,3640,1984
23,3760,1984
3,3840,1984
5,4120,1984
0,4400,1984
502,4480,1984
6,4520,1984
3,4880,1984
8,4920,1984
201,5000,1984
28,5015,1984
9,5080,1984
24,5120,1984
4,5160,1984
11,5190,1984
4,5360,1984
69,5380,1984
57,5483,1984
64,5560,1984
1783,5600,1984
145,5640,1984
7,5720,1984
69,5775,1984
5,5880,1984
1,5920,1984
46,5945,1984
20,5960,1984
118,6160,1984
23,6200,1984
13,6280,1984
24,6440,1984
10,6483,1984
9,6640,1984
6,6760,1984
29,6780,1984
9,6840,1984
18,6920,1984
22,7040,1984
6,7160,1984
9,7240,1984
56,7320,1984
602,7360,1984
28,7400,1984
89,7440,1984
9,7510,1984
3,7560,1984
61,7600,1984
9,8003,1984
5,8120,1984
17,8160,1984
5,8200,1984
25,8280,1984
1,8400,1984
5,8520,1984
6,8560,1984
3,8720,1984
3,8735,1984
196,8840,1984
60,8960,1984
1,9040,1984
5,9160,1984
1,9320,1984
4,0080,1985
23,0160,1985
9,0200,1985
14,0240,1985
9,0440,1985
206,0520,1985
42,0640,1985
8,0680,1985
104,0720,1985
13,0760,1985
127,0875,1985
11,1000,1985
214,1123,1985
16,1280,1985
17,1440,1985
19,1520,1985
271,1600,1985
9,1640,1985
41,1680,1985
6,1720,1985
7,1760,1985
26,1840,1985
157,1920,1985
10,2000,1985
13,2020,1985
84,2080,1985
66,2160,1985
4,2320,1985
153,2680,1985
4,2760,1985
42,2800,1985
9,2840,1985
6,2960,1985
11,3000,1985
12,3120,1985
6,3160,1985
11,3240,1985
39,3283,1985
40,3320,1985
378,3360,1985
26,3480,1985
35,3600,1985
165,3640,1985
42,3760,1985
5,3840,1985
15,4120,1985
7,4400,1985
965,4480,1985
12,4520,1985
3,4880,1985
16,4920,1985
348,5000,1985
48,5015,1985
14,5080,1985
44,5120,1985
10,5160,1985
35,5190,1985
16,5360,1985
121,5380,1985
76,5483,1985
110,5560,1985
2792,5600,1985
323,5640,1985
26,5720,1985
148,5775,1985
24,5880,1985
11,5920,1985
86,5945,1985
31,5960,1985
232,6160,1985
76,6200,1985
41,6280,1985
50,6440,1985
12,6483,1985
19,6640,1985
27,6760,1985
58,6780,1985
24,6840,1985
52,6920,1985
49,7040,1985
20,7160,1985
35,7240,1985
143,7320,1985
958,7360,1985
61,7400,1985
128,7440,1985
18,7510,1985
5,7560,1985
110,7600,1985
9,8003,1985
11,8120,1985
28,8160,1985
8,8200,1985
82,8280,1985
6,8400,1985
24,8520,1985
5,8560,1985
15,8720,1985
7,8735,1985
396,8840,1985
88,8960,1985
4,9040,1985
14,9160,1985
5,9320,1985
12,0080,1986
36,0160,1986
16,0200,1986
3,0240,1986
8,0440,1986
323,0520,1986
70,0640,1986
9,0680,1986
178,0720,1986
17,0760,1986
181,0875,1986
18,1000,1986
343,1123,1986
32,1280,1986
26,1440,1986
23,1520,1986
466,1600,1986
28,1640,1986
69,1680,1986
14,1720,1986
19,1760,1986
47,1840,1986
338,1920,1986
23,2000,1986
19,2020,1986
147,2080,1986
108,2160,1986
12,2320,1986
262,2680,1986
6,2760,1986
63,2800,1986
13,2840,1986
7,2960,1986
6,3000,1986
32,3120,1986
15,3160,1986
13,3240,1986
59,3283,1986
69,3320,1986
692,3360,1986
45,3480,1986
74,3600,1986
283,3640,1986
104,3760,1986
12,3840,1986
38,4120,1986
20,4400,1986
1523,4480,1986
17,4520,1986
0,4880,1986
27,4920,1986
500,5000,1986
90,5015,1986
38,5080,1986
82,5120,1986
14,5160,1986
55,5190,1986
31,5360,1986
224,5380,1986
162,5483,1986
170,5560,1986
4000,5600,1986
511,5640,1986
56,5720,1986
255,5775,1986
42,5880,1986
14,5920,1986
150,5945,1986
71,5960,1986
418,6160,1986
125,6200,1986
65,6280,1986
70,6440,1986
49,6483,1986
30,6640,1986
43,6760,1986
136,6780,1986
46,6840,1986
77,6920,1986
108,7040,1986
31,7160,1986
60,7240,1986
250,7320,1986
1385,7360,1986
77,7400,1986
266,7440,1986
22,7510,1986
14,7560,1986
199,7600,1986
22,8003,1986
9,8120,1986
24,8160,1986
12,8200,1986
141,8280,1986
7,8400,1986
38,8520,1986
20,8560,1986
34,8720,1986
18,8735,1986
573,8840,1986
128,8960,1986
9,9040,1986
24,9160,1986
6,9320,1986
20,0080,1987
53,0160,1987
36,0200,1987
16,0240,1987
13,0440,1987
534,0520,1987
118,0640,1987
22,0680,1987
268,0720,1987
28,0760,1987
267,0875,1987
47,1000,1987
581,1123,1987
49,1280,1987
34,1440,1987
65,1520,1987
763,1600,1987
76,1640,1987
103,1680,1987
10,1720,1987
32,1760,1987
92,1840,1987
554,1920,1987
35,2000,1987
31,2020,1987
226,2080,1987
217,2160,1987
21,2320,1987
396,2680,1987
18,2760,1987
142,2800,1987
25,2840,1987
16,2960,1987
15,3000,1987
44,3120,1987
20,3160,1987
36,3240,1987
95,3283,1987
78,3320,1987
963,3360,1987
74,3480,1987
127,3600,1987
322,3640,1987
214,3760,1987
17,3840,1987
70,4120,1987
38,4400,1987
2052,4480,1987
29,4520,1987
6,4880,1987
74,4920,1987
810,5000,1987
128,5015,1987
77,5080,1987
126,5120,1987
37,5160,1987
93,5190,1987
54,5360,1987
288,5380,1987
204,5483,1987
291,5560,1987
5066,5600,1987
805,5640,1987
107,5720,1987
374,5775,1987
76,5880,1987
19,5920,1987
237,5945,1987
120,5960,1987
622,6160,1987
220,6200,1987
123,6280,1987
150,6440,1987
82,6483,1987
73,6640,1987
74,6760,1987
209,6780,1987
68,6840,1987
142,6920,1987
159,7040,1987
52,7160,1987
119,7240,1987
410,7320,1987
1721,7360,1987
134,7400,1987
491,7440,1987
42,7510,1987
12,7560,1987
287,7600,1987
41,8003,1987
23,8120,1987
32,8160,1987
28,8200,1987
282,8280,1987
21,8400,1987
65,8520,1987
30,8560,1987
47,8720,1987
24,8735,1987
902,8840,1987
219,8960,1987
19,9040,1987
26,9160,1987
12,9320,1987
27,0080,1988
58,0160,1988
41,0200,1988
38,0240,1988
23,0440,1988
753,0520,1988
150,0640,1988
24,0680,1988
441,0720,1988
42,0760,1988
265,0875,1988
78,1000,1988
783,1123,1988
66,1280,1988
52,1440,1988
81,1520,1988
975,1600,1988
90,1640,1988
143,1680,1988
23,1720,1988
48,1760,1988
122,1840,1988
620,1920,1988
56,2000,1988
53,2020,1988
293,2080,1988
340,2160,1988
24,2320,1988
519,2680,1988
12,2760,1988
143,2800,1988
46,2840,1988
21,2960,1988
32,3000,1988
58,3120,1988
28,3160,1988
42,3240,1988
123,3283,1988
103,3320,1988
1087,3360,1988
122,3480,1988
184,3600,1988
332,3640,1988
248,3760,1988
23,3840,1988
98,4120,1988
40,4400,1988
2344,4480,1988
62,4520,1988
7,4880,1988
68,4920,1988
1038,5000,1988
154,5015,1988
79,5080,1988
154,5120,1988
39,5160,1988
121,5190,1988
89,5360,1988
378,5380,1988
254,5483,1988
280,5560,1988
6269,5600,1988
853,5640,1988
119,5720,1988
440,5775,1988
103,5880,1988
34,5920,1988
306,5945,1988
206,5960,1988
713,6160,1988
248,6200,1988
121,6280,1988
169,6440,1988
70,6483,1988
84,6640,1988
81,6760,1988
261,6780,1988
100,6840,1988
141,6920,1988
213,7040,1988
60,7160,1988
181,7240,1988
573,7320,1988
1818,7360,1988
148,7400,1988
750,7440,1988
53,7510,1988
25,7560,1988
355,7600,1988
44,8003,1988
30,8120,1988
49,8160,1988
25,8200,1988
342,8280,1988
25,8400,1988
71,8520,1988
53,8560,1988
62,8720,1988
37,8735,1988
1028,8840,1988
285,8960,1988
29,9040,1988
58,9160,1988
25,9320,1988
26,0080,1989
87,0160,1989
65,0200,1989
44,0240,1989
22,0440,1989
893,0520,1989
201,0640,1989
39,0680,1989
562,0720,1989
59,0760,1989
353,0875,1989
87,1000,1989
847,1123,1989
107,1280,1989
86,1440,1989
111,1520,1989
1135,1600,1989
113,1640,1989
154,1680,1989
31,1720,1989
66,1760,1989
156,1840,1989
742,1920,1989
69,2000,1989
72,2020,1989
382,2080,1989
419,2160,1989
41,2320,1989
650,2680,1989
14,2760,1989
206,2800,1989
53,2840,1989
33,2960,1989
52,3000,1989
89,3120,1989
54,3160,1989
49,3240,1989
161,3283,1989
95,3320,1989
1280,3360,1989
147,3480,1989
267,3600,1989
410,3640,1989
290,3760,1989
29,3840,1989
127,4120,1989
60,4400,1989
2763,4480,1989
68,4520,1989
16,4880,1989
90,4920,1989
1237,5000,1989
186,5015,1989
89,5080,1989
186,5120,1989
66,5160,1989
206,5190,1989
87,5360,1989
414,5380,1989
313,5483,1989
379,5560,1989
6595,5600,1989
1013,5640,1989
145,5720,1989
562,5775,1989
113,5880,1989
35,5920,1989
383,5945,1989
292,5960,1989
921,6160,1989
342,6200,1989
141,6280,1989
237,6440,1989
89,6483,1989
118,6640,1989
124,6760,1989
351,6780,1989
103,6840,1989
182,6920,1989
279,7040,1989
92,7160,1989
229,7240,1989
683,7320,1989
2115,7360,1989
174,7400,1989
995,7440,1989
95,7510,1989
24,7560,1989
435,7600,1989
87,8003,1989
38,8120,1989
76,8160,1989
47,8200,1989
397,8280,1989
29,8400,1989
68,8520,1989
54,8560,1989
90,8720,1989
39,8735,1989
1225,8840,1989
338,8960,1989
28,9040,1989
62,9160,1989
29,9320,1989
29,0080,1990
114,0160,1990
81,0200,1990
47,0240,1990
24,0440,1990
1191,0520,1990
254,0640,1990
37,0680,1990
793,0720,1990
60,0760,1990
391,0875,1990
108,1000,1990
919,1123,1990
119,1280,1990
69,1440,1990
105,1520,1990
1385,1600,1990
125,1640,1990
184,1680,1990
27,1720,1990
99,1760,1990
156,1840,1990
833,1920,1990
74,2000,1990
67,2020,1990
384,2080,1990
523,2160,1990
45,2320,1990
759,2680,1990
16,2760,1990
224,2800,1990
65,2840,1990
34,2960,1990
49,3000,1990
126,3120,1990
75,3160,1990
52,3240,1990
187,3283,1990
120,3320,1990
1379,3360,1990
202,3480,1990
310,3600,1990
418,3640,1990
319,3760,1990
28,3840,1990
175,4120,1990
59,4400,1990
3207,4480,1990
79,4520,1990
27,4880,1990
129,4920,1990
1397,5000,1990
168,5015,1990
136,5080,1990
215,5120,1990
56,5160,1990
200,5190,1990
128,5360,1990
441,5380,1990
356,5483,1990
404,5560,1990
7455,5600,1990
1005,5640,1990
196,5720,1990
576,5775,1990
111,5880,1990
51,5920,1990
379,5945,1990
326,5960,1990
986,6160,1990
361,6200,1990
155,6280,1990
286,6440,1990
113,6483,1990
124,6640,1990
136,6760,1990
477,6780,1990
121,6840,1990
209,6920,1990
312,7040,1990
117,7160,1990
260,7240,1990
762,7320,1990
2283,7360,1990
218,7400,1990
1173,7440,1990
88,7510,1990
37,7560,1990
513,7600,1990
96,8003,1990
49,8120,1990
70,8160,1990
59,8200,1990
525,8280,1990
51,8400,1990
99,8520,1990
60,8560,1990
83,8720,1990
53,8735,1990
1354,8840,1990
373,8960,1990
48,9040,1990
87,9160,1990
24,9320,1990
49,0080,1991
155,0160,1991
111,0200,1991
58,0240,1991
45,0440,1991
1352,0520,1991
339,0640,1991
93,0680,1991
990,0720,1991
100,0760,1991
380,0875,1991
171,1000,1991
1162,1123,1991
131,1280,1991
130,1440,1991
158,1520,1991
1719,1600,1991
161,1640,1991
261,1680,1991
33,1720,1991
128,1760,1991
202,1840,1991
952,1920,1991
70,2000,1991
90,2020,1991
573,2080,1991
670,2160,1991
51,2320,1991
901,2680,1991
20,2760,1991
258,2800,1991
95,2840,1991
56,2960,1991
71,3000,1991
135,3120,1991
116,3160,1991
60,3240,1991
266,3283,1991
152,3320,1991
1464,3360,1991
244,3480,1991
355,3600,1991
450,3640,1991
399,3760,1991
49,3840,1991
260,4120,1991
95,4400,1991
3845,4480,1991
118,4520,1991
29,4880,1991
148,4920,1991
1739,5000,1991
242,5015,1991
139,5080,1991
306,5120,1991
113,5160,1991
206,5190,1991
140,5360,1991
520,5380,1991
523,5483,1991
580,5560,1991
8774,5600,1991
1041,5640,1991
211,5720,1991
685,5775,1991
150,5880,1991
61,5920,1991
542,5945,1991
427,5960,1991
1381,6160,1991
434,6200,1991
175,6280,1991
297,6440,1991
146,6483,1991
164,6640,1991
170,6760,1991
713,6780,1991
168,6840,1991
315,6920,1991
397,7040,1991
151,7160,1991
260,7240,1991
867,7320,1991
2774,7360,1991
227,7400,1991
1403,7440,1991
110,7510,1991
31,7560,1991
614,7600,1991
114,8003,1991
69,8120,1991
80,8160,1991
45,8200,1991
637,8280,1991
47,8400,1991
120,8520,1991
108,8560,1991
116,8720,1991
75,8735,1991
1697,8840,1991
477,8960,1991
75,9040,1991
89,9160,1991
22,9320,1991
58,0080,1992
192,0160,1992
135,0200,1992
106,0240,1992
49,0440,1992
1500,0520,1992
459,0640,1992
119,0680,1992
1462,0720,1992
146,0760,1992
537,0875,1992
192,1000,1992
1651,1123,1992
153,1280,1992
169,1440,1992
244,1520,1992
2244,1600,1992
241,1640,1992
369,1680,1992
40,1720,1992
219,1760,1992
282,1840,1992
1315,1920,1992
125,2000,1992
100,2020,1992
654,2080,1992
953,2160,1992
102,2320,1992
1120,2680,1992
19,2760,1992
340,2800,1992
129,2840,1992
64,2960,1992
98,3000,1992
165,3120,1992
137,3160,1992
112,3240,1992
410,3283,1992
177,3320,1992
1912,3360,1992
339,3480,1992
536,3600,1992
533,3640,1992
477,3760,1992
82,3840,1992
340,4120,1992
121,4400,1992
4514,4480,1992
150,4520,1992
28,4880,1992
296,4920,1992
2102,5000,1992
297,5015,1992
235,5080,1992
395,5120,1992
141,5160,1992
284,5190,1992
239,5360,1992
635,5380,1992
701,5483,1992
648,5560,1992
11010,5600,1992
1431,5640,1992
324,5720,1992
914,5775,1992
194,5880,1992
81,5920,1992
597,5945,1992
680,5960,1992
1959,6160,1992
586,6200,1992
206,6280,1992
499,6440,1992
180,6483,1992
200,6640,1992
298,6760,1992
875,6780,1992
249,6840,1992
427,6920,1992
582,7040,1992
182,7160,1992
374,7240,1992
1191,7320,1992
3318,7360,1992
393,7400,1992
1579,7440,1992
161,7510,1992
54,7560,1992
790,7600,1992
189,8003,1992
72,8120,1992
160,8160,1992
91,8200,1992
1012,8280,1992
83,8400,1992
192,8520,1992
148,8560,1992
174,8720,1992
97,8735,1992
2148,8840,1992
808,8960,1992
69,9040,1992
207,9160,1992
37,9320,1992
65,0080,1993
182,0160,1993
115,0200,1993
71,0240,1993
34,0440,1993
1522,0520,1993
487,0640,1993
100,0680,1993
1642,0720,1993
182,0760,1993
560,0875,1993
155,1000,1993
1477,1123,1993
207,1280,1993
162,1440,1993
192,1520,1993
2454,1600,1993
251,1640,1993
382,1680,1993
50,1720,1993
197,1760,1993
256,1840,1993
1149,1920,1993
110,2000,1993
124,2020,1993
585,2080,1993
791,2160,1993
105,2320,1993
1286,2680,1993
23,2760,1993
377,2800,1993
169,2840,1993
83,2960,1993
81,3000,1993
176,3120,1993
174,3160,1993
86,3240,1993
595,3283,1993
223,3320,1993
1724,3360,1993
317,3480,1993
396,3600,1993
786,3640,1993
328,3760,1993
70,3840,1993
368,4120,1993
100,4400,1993
3917,4480,1993
151,4520,1993
27,4880,1993
323,4920,1993
2464,5000,1993
370,5015,1993
209,5080,1993
307,5120,1993
76,5160,1993
361,5190,1993
275,5360,1993
672,5380,1993
848,5483,1993
654,5560,1993
12083,5600,1993
2171,5640,1993
413,5720,1993
805,5775,1993
160,5880,1993
65,5920,1993
591,5945,1993
537,5960,1993
1867,6160,1993
488,6200,1993
294,6280,1993
431,6440,1993
263,6483,1993
218,6640,1993
257,6760,1993
820,6780,1993
280,6840,1993
373,6920,1993
480,7040,1993
132,7160,1993
475,7240,1993
1141,7320,1993
2493,7360,1993
394,7400,1993
1595,7440,1993
135,7510,1993
34,7560,1993
711,7600,1993
226,8003,1993
94,8120,1993
155,8160,1993
96,8200,1993
848,8280,1993
58,8400,1993
148,8520,1993
117,8560,1993
130,8720,1993
86,8735,1993
2294,8840,1993
602,8960,1993
78,9040,1993
210,9160,1993
37,9320,1993
47,0080,1994
179,0160,1994
84,0200,1994
91,0240,1994
32,0440,1994
1580,0520,1994
383,0640,1994
92,0680,1994
1503,0720,1994
180,0760,1994
494,0875,1994
168,1000,1994
1270,1123,1994
194,1280,1994
131,1440,1994
214,1520,1994
2280,1600,1994
201,1640,1994
344,1680,1994
47,1720,1994
188,1760,1994
195,1840,1994
1194,1920,1994
92,2000,1994
106,2020,1994
497,2080,1994
735,2160,1994
90,2320,1994
1240,2680,1994
30,2760,1994
333,2800,1994
111,2840,1994
94,2960,1994
80,3000,1994
184,3120,1994
161,3160,1994
108,3240,1994
395,3283,1994
166,3320,1994
1463,3360,1994
242,3480,1994
375,3600,1994
668,3640,1994
271,3760,1994
77,3840,1994
354,4120,1994
94,4400,1994
3646,4480,1994
164,4520,1994
37,4880,1994
274,4920,1994
2351,5000,1994
365,5015,1994
185,5080,1994
304,5120,1994
120,5160,1994
273,5190,1994
231,5360,1994
586,5380,1994
595,5483,1994
630,5560,1994
11977,5600,1994
1602,5640,1994
398,5720,1994
726,5775,1994
116,5880,1994
62,5920,1994
493,5945,1994
592,5960,1994
1705,6160,1994
455,6200,1994
265,6280,1994
422,6440,1994
211,6483,1994
174,6640,1994
245,6760,1994
667,6780,1994
290,6840,1994
297,6920,1994
417,7040,1994
125,7160,1994
383,7240,1994
996,7320,1994
2133,7360,1994
281,7400,1994
1402,7440,1994
145,7510,1994
40,7560,1994
609,7600,1994
187,8003,1994
62,8120,1994
108,8160,1994
87,8200,1994
712,8280,1994
54,8400,1994
139,8520,1994
76,8560,1994
131,8720,1994
63,8735,1994
2222,8840,1994
702,8960,1994
74,9040,1994
254,9160,1994
34,9320,1994
60,0080,1995
170,0160,1995
119,0200,1995
110,0240,1995
39,0440,1995
1498,0520,1995
331,0640,1995
127,0680,1995
1506,0720,1995
188,0760,1995
478,0875,1995
156,1000,1995
1168,1123,1995
207,1280,1995
139,1440,1995
178,1520,1995
2011,1600,1995
189,1640,1995
316,1680,1995
48,1720,1995
177,1760,1995
177,1840,1995
1070,1920,1995
69,2000,1995
106,2020,1995
443,2080,1995
754,2160,1995
118,2320,1995
1154,2680,1995
33,2760,1995
256,2800,1995
128,2840,1995
69,2960,1995
70,3000,1995
137,3120,1995
133,3160,1995
105,3240,1995
450,3283,1995
135,3320,1995
1562,3360,1995
305,3480,1995
355,3600,1995
588,3640,1995
298,3760,1995
68,3840,1995
413,4120,1995
87,4400,1995
3420,4480,1995
176,4520,1995
31,4880,1995
278,4920,1995
2128,5000,1995
289,5015,1995
201,5080,1995
304,5120,1995
102,5160,1995
299,5190,1995
297,5360,1995
648,5380,1995
627,5483,1995
535,5560,1995
10712,5600,1995
1477,5640,1995
405,5720,1995
628,5775,1995
131,5880,1995
64,5920,1995
499,5945,1995
559,5960,1995
1776,6160,1995
518,6200,1995
220,6280,1995
364,6440,1995
166,6483,1995
158,6640,1995
265,6760,1995
538,6780,1995
271,6840,1995
242,6920,1995
384,7040,1995
136,7160,1995
335,7240,1995
944,7320,1995
1842,7360,1995
254,7400,1995
1287,7440,1995
124,7510,1995
45,7560,1995
565,7600,1995
196,8003,1995
64,8120,1995
126,8160,1995
65,8200,1995
787,8280,1995
50,8400,1995
117,8520,1995
96,8560,1995
137,8720,1995
80,8735,1995
2056,8840,1995
702,8960,1995
69,9040,1995
228,9160,1995
29,9320,1995
45,0080,1996
148,0160,1996
82,0200,1996
72,0240,1996
27,0440,1996
1377,0520,1996
289,0640,1996
98,0680,1996
1392,0720,1996
232,0760,1996
434,0875,1996
191,1000,1996
1004,1123,1996
182,1280,1996
116,1440,1996
171,1520,1996
1786,1600,1996
186,1640,1996
270,1680,1996
42,1720,1996
183,1760,1996
172,1840,1996
969,1920,1996
76,2000,1996
91,2020,1996
351,2080,1996
594,2160,1996
127,2320,1996
1117,2680,1996
34,2760,1996
251,2800,1996
118,2840,1996
66,2960,1996
55,3000,1996
109,3120,1996
127,3160,1996
93,3240,1996
394,3283,1996
111,3320,1996
1646,3360,1996
233,3480,1996
333,3600,1996
495,3640,1996
231,3760,1996
62,3840,1996
378,4120,1996
87,4400,1996
2694,4480,1996
176,4520,1996
32,4880,1996
308,4920,1996
1924,5000,1996
263,5015,1996
145,5080,1996
238,5120,1996
86,5160,1996
201,5190,1996
293,5360,1996
482,5380,1996
608,5483,1996
625,5560,1996
8852,5600,1996
1306,5640,1996
412,5720,1996
544,5775,1996
135,5880,1996
63,5920,1996
392,5945,1996
532,5960,1996
1569,6160,1996
375,6200,1996
189,6280,1996
302,6440,1996
119,6483,1996
171,6640,1996
235,6760,1996
503,6780,1996
199,6840,1996
216,6920,1996
413,7040,1996
141,7160,1996
401,7240,1996
767,7320,1996
1241,7360,1996
194,7400,1996
1273,7440,1996
110,7510,1996
38,7560,1996
465,7600,1996
134,8003,1996
50,8120,1996
120,8160,1996
69,8200,1996
686,8280,1996
52,8400,1996
137,8520,1996
98,8560,1996
99,8720,1996
70,8735,1996
1905,8840,1996
731,8960,1996
60,9040,1996
230,9160,1996
29,9320,1996
47,0080,1997
109,0160,1997
84,0200,1997
72,0240,1997
21,0440,1997
1062,0520,1997
255,0640,1997
87,0680,1997
1183,0720,1997
185,0760,1997
323,0875,1997
155,1000,1997
785,1123,1997
92,1280,1997
103,1440,1997
149,1520,1997
1417,1600,1997
115,1640,1997
228,1680,1997
22,1720,1997
145,1760,1997
98,1840,1997
735,1920,1997
47,2000,1997
93,2020,1997
279,2080,1997
503,2160,1997
97,2320,1997
922,2680,1997
28,2760,1997
225,2800,1997
73,2840,1997
54,2960,1997
51,3000,1997
95,3120,1997
118,3160,1997
90,3240,1997
312,3283,1997
83,3320,1997
1351,3360,1997
200,3480,1997
316,3600,1997
367,3640,1997
209,3760,1997
59,3840,1997
321,4120,1997
79,4400,1997
2085,4480,1997
149,4520,1997
30,4880,1997
262,4920,1997
1547,5000,1997
183,5015,1997
119,5080,1997
178,5120,1997
92,5160,1997
164,5190,1997
266,5360,1997
356,5380,1997
414,5483,1997
494,5560,1997
7089,5600,1997
1050,5640,1997
338,5720,1997
421,5775,1997
159,5880,1997
65,5920,1997
325,5945,1997
459,5960,1997
1359,6160,1997
377,6200,1997
138,6280,1997
186,6440,1997
131,6483,1997
118,6640,1997
189,6760,1997
473,6780,1997
179,6840,1997
189,6920,1997
305,7040,1997
125,7160,1997
268,7240,1997
571,7320,1997
945,7360,1997
170,7400,1997
1053,7440,1997
99,7510,1997
28,7560,1997
337,7600,1997
110,8003,1997
54,8120,1997
77,8160,1997
58,8200,1997
590,8280,1997
33,8400,1997
100,8520,1997
82,8560,1997
66,8720,1997
54,8735,1997
1638,8840,1997
594,8960,1997
44,9040,1997
183,9160,1997
20,9320,1997
41,0080,1998
85,0160,1998
49,0200,1998
53,0240,1998
20,0440,1998
1013,0520,1998
186,0640,1998
78,0680,1998
1091,0720,1998
174,0760,1998
213,0875,1998
139,1000,1998
821,1123,1998
95,1280,1998
108,1440,1998
180,1520,1998
1106,1600,1998
76,1640,1998
191,1680,1998
26,1720,1998
222,1760,1998
91,1840,1998
638,1920,1998
55,2000,1998
66,2020,1998
245,2080,1998
467,2160,1998
95,2320,1998
860,2680,1998
23,2760,1998
142,2800,1998
76,2840,1998
42,2960,1998
28,3000,1998
125,3120,1998
112,3160,1998
103,3240,1998
223,3283,1998
93,3320,1998
885,3360,1998
164,3480,1998
248,3600,1998
235,3640,1998
186,3760,1998
59,3840,1998
237,4120,1998
56,4400,1998
1835,4480,1998
124,4520,1998
39,4880,1998
363,4920,1998
1508,5000,1998
123,5015,1998
100,5080,1998
188,5120,1998
101,5160,1998
114,5190,1998
218,5360,1998
286,5380,1998
316,5483,1998
426,5560,1998
5509,5600,1998
763,5640,1998
293,5720,1998
332,5775,1998
92,5880,1998
38,5920,1998
269,5945,1998
441,5960,1998
1202,6160,1998
362,6200,1998
115,6280,1998
161,6440,1998
114,6483,1998
116,6640,1998
191,6760,1998
366,6780,1998
113,6840,1998
149,6920,1998
210,7040,1998
126,7160,1998
211,7240,1998
500,7320,1998
762,7360,1998
139,7400,1998
888,7440,1998
99,7510,1998
21,7560,1998
284,7600,1998
108,8003,1998
56,8120,1998
56,8160,1998
46,8200,1998
574,8280,1998
27,8400,1998
100,8520,1998
70,8560,1998
71,8720,1998
38,8735,1998
1604,8840,1998
483,8960,1998
41,9040,1998
147,9160,1998
31,9320,1998
40,0080,1999
88,0160,1999
47,0200,1999
70,0240,1999
23,0440,1999
855,0520,1999
214,0640,1999
76,0680,1999
1041,0720,1999
187,0760,1999
219,0875,1999
118,1000,1999
751,1123,1999
106,1280,1999
105,1440,1999
137,1520,1999
1138,1600,1999
85,1640,1999
170,1680,1999
24,1720,1999
168,1760,1999
99,1840,1999
601,1920,1999
51,2000,1999
75,2020,1999
234,2080,1999
399,2160,1999
86,2320,1999
789,2680,1999
17,2760,1999
154,2800,1999
75,2840,1999
50,2960,1999
35,3000,1999
110,3120,1999
120,3160,1999
87,3240,1999
175,3283,1999
74,3320,1999
779,3360,1999
172,3480,1999
305,3600,1999
223,3640,1999
176,3760,1999
50,3840,1999
227,4120,1999
58,4400,1999
1653,4480,1999
126,4520,1999
29,4880,1999
298,4920,1999
1234,5000,1999
110,5015,1999
91,5080,1999
150,5120,1999
74,5160,1999
110,5190,1999
195,5360,1999
285,5380,1999
310,5483,1999
376,5560,1999
5097,5600,1999
777,5640,1999
280,5720,1999
334,5775,1999
81,5880,1999
44,5920,1999
254,5945,1999
421,5960,1999
1519,6160,1999
291,6200,1999
91,6280,1999
181,6440,1999
87,6483,1999
129,6640,1999
150,6760,1999
332,6780,1999
105,6840,1999
144,6920,1999
236,7040,1999
115,7160,1999
210,7240,1999
438,7320,1999
694,7360,1999
139,7400,1999
752,7440,1999
87,7510,1999
15,7560,1999
222,7600,1999
126,8003,1999
54,8120,1999
59,8160,1999
43,8200,1999
482,8280,1999
27,8400,1999
83,8520,1999
51,8560,1999
94,8720,1999
48,8735,1999
1394,8840,1999
498,8960,1999
51,9040,1999
133,9160,1999
24,9320,1999
22,0080,2000
92,0160,2000
45,0200,2000
46,0240,2000
15,0440,2000
842,0520,2000
148,0640,2000
76,0680,2000
931,0720,2000
197,0760,2000
200,0875,2000
111,1000,2000
609,1123,2000
132,1280,2000
113,1440,2000
124,1520,2000
1114,1600,2000
78,1640,2000
177,1680,2000
21,1720,2000
175,1760,2000
103,1840,2000
557,1920,2000
59,2000,2000
82,2020,2000
246,2080,2000
444,2160,2000
85,2320,2000
704,2680,2000
23,2760,2000
141,2800,2000
58,2840,2000
48,2960,2000
43,3000,2000
121,3120,2000
122,3160,2000
68,3240,2000
174,3283,2000
73,3320,2000
772,3360,2000
151,3480,2000
270,3600,2000
233,3640,2000
135,3760,2000
36,3840,2000
243,4120,2000
54,4400,2000
1471,4480,2000
98,4520,2000
40,4880,2000
292,4920,2000
1258,5000,2000
135,5015,2000
111,5080,2000
150,5120,2000
93,5160,2000
136,5190,2000
197,5360,2000
294,5380,2000
281,5483,2000
356,5560,2000
5697,5600,2000
685,5640,2000
244,5720,2000
287,5775,2000
95,5880,2000
50,5920,2000
224,5945,2000
428,5960,2000
1213,6160,2000
291,6200,2000
95,6280,2000
163,6440,2000
83,6483,2000
139,6640,2000
150,6760,2000
300,6780,2000
96,6840,2000
118,6920,2000
226,7040,2000
121,7160,2000
162,7240,2000
437,7320,2000
604,7360,2000
116,7400,2000
672,7440,2000
107,7510,2000
14,7560,2000
288,7600,2000
109,8003,2000
35,8120,2000
101,8160,2000
61,8200,2000
495,8280,2000
38,8400,2000
69,8520,2000
64,8560,2000
56,8720,2000
34,8735,2000
1270,8840,2000
513,8960,2000
30,9040,2000
163,9160,2000
18,9320,2000
26,0080,2001
55,0160,2001
52,0200,2001
40,0240,2001
11,0440,2001
816,0520,2001
163,0640,2001
92,0680,2001
993,0720,2001
212,0760,2001
129,0875,2001
105,1000,2001
543,1123,2001
93,1280,2001
91,1440,2001
165,1520,2001
1085,1600,2001
77,1640,2001
152,1680,2001
17,1720,2001
167,1760,2001
105,1840,2001
692,1920,2001
37,2000,2001
77,2020,2001
211,2080,2001
375,2160,2001
99,2320,2001
657,2680,2001
16,2760,2001
121,2800,2001
60,2840,2001
50,2960,2001
48,3000,2001
88,3120,2001
89,3160,2001
51,3240,2001
143,3283,2001
65,3320,2001
687,3360,2001
161,3480,2001
283,3600,2001
197,3640,2001
138,3760,2001
35,3840,2001
206,4120,2001
73,4400,2001
1258,4480,2001
109,4520,2001
48,4880,2001
303,4920,2001
1184,5000,2001
134,5015,2001
111,5080,2001
122,5120,2001
79,5160,2001
88,5190,2001
173,5360,2001
228,5380,2001
258,5483,2001
390,5560,2001
4739,5600,2001
573,5640,2001
240,5720,2001
276,5775,2001
113,5880,2001
55,5920,2001
183,5945,2001
464,5960,2001
1074,6160,2001
288,6200,2001
100,6280,2001
169,6440,2001
92,6483,2001
146,6640,2001
120,6760,2001
281,6780,2001
119,6840,2001
98,6920,2001
220,7040,2001
102,7160,2001
199,7240,2001
399,7320,2001
508,7360,2001
114,7400,2001
656,7440,2001
109,7510,2001
20,7560,2001
250,7600,2001
62,8003,2001
50,8120,2001
51,8160,2001
56,8200,2001
484,8280,2001
35,8400,2001
82,8520,2001
58,8560,2001
69,8720,2001
32,8735,2001
1291,8840,2001
462,8960,2001
17,9040,2001
165,9160,2001
17,9320,2001
13,0080,2002
43,0160,2002
29,0200,2002
11,0240,2002
15,0440,2002
580,0520,2002
134,0640,2002
73,0680,2002
671,0720,2002
198,0760,2002
86,0875,2002
96,1000,2002
339,1123,2002
23,1280,2002
82,1440,2002
162,1520,2002
733,1600,2002
55,1640,2002
122,1680,2002
16,1720,2002
156,1760,2002
72,1840,2002
597,1920,2002
29,2000,2002
78,2020,2002
164,2080,2002
284,2160,2002
56,2320,2002
466,2680,2002
29,2760,2002
111,2800,2002
43,2840,2002
43,2960,2002
28,3000,2002
89,3120,2002
66,3160,2002
22,3240,2002
138,3283,2002
39,3320,2002
365,3360,2002
149,3480,2002
193,3600,2002
88,3640,2002
92,3760,2002
41,3840,2002
207,4120,2002
77,4400,2002
707,4480,2002
97,4520,2002
29,4880,2002
252,4920,2002
842,5000,2002
91,5015,2002
91,5080,2002
118,5120,2002
51,5160,2002
74,5190,2002
160,5360,2002
126,5380,2002
214,5483,2002
255,5560,2002
2626,5600,2002
365,5640,2002
120,5720,2002
159,5775,2002
88,5880,2002
45,5920,2002
137,5945,2002
357,5960,2002
777,6160,2002
258,6200,2002
79,6280,2002
140,6440,2002
77,6483,2002
160,6640,2002
49,6760,2002
143,6780,2002
83,6840,2002
29,6920,2002
158,7040,2002
41,7160,2002
134,7240,2002
312,7320,2002
292,7360,2002
98,7400,2002
332,7440,2002
61,7510,2002
7,7560,2002
194,7600,2002
23,8003,2002
34,8120,2002
41,8160,2002
22,8200,2002
282,8280,2002
22,8400,2002
37,8520,2002
49,8560,2002
34,8720,2002
24,8735,2002
1070,8840,2002
361,8960,2002
19,9040,2002
102,9160,2002
17,9320,2002
